{"noiseKey":{"private":{"type":"Buffer","data":"UBO2YuKZozipU/m0ej4QT+/TzmGySx8ulk7Np9lwDHI="},"public":{"type":"Buffer","data":"1I9pnBSqR1ZDLXlso1er38g6R5rjWclvsvScI0LsREE="}},"pairingEphemeralKeyPair":{"private":{"type":"Buffer","data":"yHvXT2MgXldwXkWwhxxViUb7WcGK5cJba5XYjxL9I3k="},"public":{"type":"Buffer","data":"yfGf6gARIXvrrRYnEglApORfWDDLFsLPLVGciKHIJgQ="}},"signedIdentityKey":{"private":{"type":"Buffer","data":"CEkH9kxFFP4EQSglOLhjSog3y7KtM95HrgOkc2hEtkE="},"public":{"type":"Buffer","data":"Bk76ev0YjQG0Q/X0NWE0A9BVpCGbQs9pe/U9LdX71B4="}},"signedPreKey":{"keyPair":{"private":{"type":"Buffer","data":"CL3RyDhutmuVMM+AxLspTDeElssq1YUTNTHOpZsR7H4="},"public":{"type":"Buffer","data":"V0pjzos0G39jiMfSdF2DF4wODDTZ4WnCsHxzgbeuiz0="}},"signature":{"type":"Buffer","data":"CkRMbQaQSDIca1Y88sNGG59GxPkQ3N3yPbtbXEma+LbJbwqrV3EpfuSoxRxS/hkJj3hhoBgDPOsGM8G7geVLDQ=="},"keyId":1},"registrationId":176,"advSecretKey":"zz4XsRqUiuDX1T7rf5/2spC2Kq/mW1LlFViUX6aVltA=","processedHistoryMessages":[{"key":{"remoteJid":"6285600409914@s.whatsapp.net","fromMe":true,"id":"A96C4B5E52CE82D39ABEC998D29FBE77"},"messageTimestamp":1740704850},{"key":{"remoteJid":"6285600409914@s.whatsapp.net","fromMe":true,"id":"A1D5C036FAD8AF1EE42332E2EB1E9536"},"messageTimestamp":1740704850},{"key":{"remoteJid":"6285600409914@s.whatsapp.net","fromMe":true,"id":"91043DE5C82AB5C8046358428DE072DC"},"messageTimestamp":1740704864},{"key":{"remoteJid":"6285600409914@s.whatsapp.net","fromMe":true,"id":"23BE6C40C752F96CF22D7C2BAB1C3F63"},"messageTimestamp":1740706635},{"key":{"remoteJid":"6285600409914@s.whatsapp.net","fromMe":true,"id":"AEBE4A80F7EFAACCE5152DCBC37864F5"},"messageTimestamp":1740706635}],"nextPreKeyId":31,"firstUnuploadedPreKeyId":31,"accountSyncCounter":1,"accountSettings":{"unarchiveChats":false},"registered":true,"pairingCode":"6JN8H7M7","me":{"id":"6285600409914:54@s.whatsapp.net","name":"Hoshino Takanashi  [ Chat ]","lid":"153914984951967:54@lid"},"account":{"details":"CKPPk1wQzJiEvgYYBCAAKAA=","accountSignatureKey":"UBsfdRPEMzKPjVVtsvbyHVduIS/3rCYCRmDKnBoRuDo=","accountSignature":"QXQWbqFuVO5eVzztf2lmpJ9k5XJhPG3eKjWl0bWgTHnBYjNIhaB3uP954OvxKJvvlsxFMxZ6XWh2KaKQ+T/qCA==","deviceSignature":"uVvQW52qoGvhj47Q6w5yx3Rw5/jnvFjTAh6xQGeANr2PhWoa4ya4iYxwH8pMoujn6NzNaiEFoALTUT07ZD0hAQ=="},"signalIdentities":[{"identifier":{"name":"6285600409914:54@s.whatsapp.net","deviceId":0},"identifierKey":{"type":"Buffer","data":"BVAbH3UTxDMyj41VbbL28h1XbiEv96wmAkZgypwaEbg6"}}],"platform":"smba","routingInfo":{"type":"Buffer","data":"CAgIBQ=="},"lastAccountSyncTimestamp":1740705094,"lastPropHash":"3R9Z39","myAppStateKeyId":"AAAAAO03"}